Filter, NumValues, FPR
basic, 1024, 0.00976562
basic, 4096, 0.00805664
basic, 16384, 0.00982666
basic, 65536, 0.0098877
basic, 262144, 0.010006
basic, 1048576, 0.0101252
basic, 4194304, 0.0101652
basic, 16777216, 0.01015
basic, 67108864, 0.0102834
