Filter, NumValues, FPR
blocked, 1024, 0.00976562
blocked, 4096, 0.0258789
blocked, 16384, 0.00354004
blocked, 65536, 0.0185547
blocked, 262144, 0.00866318
blocked, 1048576, 0.0142612
blocked, 4194304, 0.00721741
blocked, 16777216, 0.00903982
blocked, 67108864, 0.0151336
